"FND_APP_COMMON_LOOKUP.LookupType","LookupCode","Meaning","Description","EnabledFlag","StartDateActive","EndDateActive","DisplaySequence","CreatedBy","CreationDate","LastUpdatedBy","LastUpdateDate","LastUpdateLogin","Tag"
"LLNL_HONOR_AWARD_TYPE","DOE","DOE","","Y","1951/01/01","4712/12/31","10","CUSTOMIZED_USER","2024/11/25 21:37:38.871","CUSTOMIZED_USER","2024/11/25 21:45:23.331","27BDFE88422BB692E063320D210A7EB2",""
"LLNL_HONOR_AWARD_TYPE","FLC","FLC","","Y","1951/01/01","4712/12/31","90","CUSTOMIZED_USER","2024/11/25 21:43:39.474","CUSTOMIZED_USER","2024/11/25 21:45:23.365","27BDFE88422BB692E063320D210A7EB2",""
"LLNL_HONOR_AWARD_TYPE","INTER","International Organizational/Foreign Government","","Y","1951/01/01","4712/12/31","50","CUSTOMIZED_USER","2024/11/25 21:41:14.094","CUSTOMIZED_USER","2024/11/25 21:45:23.355","27BDFE88422BB692E063320D210A7EB2",""
"LLNL_HONOR_AWARD_TYPE","INTS","Institutional","","Y","1951/01/01","4712/12/31","60","CUSTOMIZED_USER","2024/11/25 21:41:57.645","CUSTOMIZED_USER","2024/11/25 21:45:23.36","27BDFE88422BB692E063320D210A7EB2",""
"LLNL_HONOR_AWARD_TYPE","LLNL","LLNL","","Y","1951/01/01","4712/12/31","100","CUSTOMIZED_USER","2024/11/25 21:44:08.821","CUSTOMIZED_USER","2024/11/25 21:45:23.367","27BDFE88422BB692E063320D210A7EB2",""
"LLNL_HONOR_AWARD_TYPE","NNSA","NNSA","","Y","1951/01/01","4712/12/31","20","CUSTOMIZED_USER","2024/11/25 21:38:51.04","CUSTOMIZED_USER","2024/11/25 21:45:23.346","27BDFE88422BB692E063320D210A7EB2",""
"LLNL_HONOR_AWARD_TYPE","OTHER","Other US Government/State Agency","","Y","1951/01/01","4712/12/31","40","CUSTOMIZED_USER","2024/11/25 21:40:39.632","CUSTOMIZED_USER","2024/11/25 21:45:23.354","27BDFE88422BB692E063320D210A7EB2",""
"LLNL_HONOR_AWARD_TYPE","PROFSOC","Professional Society","","Y","1951/01/01","4712/12/31","30","CUSTOMIZED_USER","2024/11/25 21:39:44.013","CUSTOMIZED_USER","2024/11/25 21:45:23.349","27BDFE88422BB692E063320D210A7EB2",""
"LLNL_HONOR_AWARD_TYPE","RD","R&D","","Y","1951/01/01","4712/12/31","70","CUSTOMIZED_USER","2024/11/25 21:42:29.759","CUSTOMIZED_USER","2024/11/25 21:45:23.362","27BDFE88422BB692E063320D210A7EB2",""
"LLNL_HONOR_AWARD_TYPE","SPEC","Special","","Y","1951/01/01","4712/12/31","80","CUSTOMIZED_USER","2024/11/25 21:43:11.264","CUSTOMIZED_USER","2024/11/25 21:45:23.363","27BDFE88422BB692E063320D210A7EB2",""
